{
    "labels": [
        "luglio 2018",
        "agosto 2018",
        "settembre 2018",
        "ottobre 2018",
        "novembre 2018",
        "dicembre 2018",
        "gennaio 2019",
        "febbraio 2019",
        "marzo 2019",
        "aprile 2019",
        "maggio 2019",
        "giugno 2019",
        "luglio 2019",
        "agosto 2019",
        "settembre 2019",
        "ottobre 2019",
        "novembre 2019",
        "dicembre 2019",
        "gennaio 2020",
        "febbraio 2020",
        "marzo 2020",
        "aprile 2020",
        "maggio 2020",
        "giugno 2020",
        "luglio 2020",
        "agosto 2020",
        "settembre 2020",
        "ottobre 2020",
        "novembre 2020",
        "dicembre 2020"
    ],
    "proxy": [
        64.5,
        60,
        62.349998474121094,
        59.95000076293945,
        66.29000091552734,
        64.51000213623047,
        70.2300033569336,
        57.72999954223633,
        54.619998931884766,
        47.939998626708984,
        49.599998474121094,
        52.459999084472656,
        59.209999084472656,
        53.59000015258789,
        53.47999954223633,
        53.709999084472656,
        59.650001525878906,
        57.720001220703125,
        64.0999984741211,
        52.18000030517578,
        50.20000076293945,
        44.97999954223633,
        44.810001373291016,
        48.25,
        56.630001068115234,
        49.93000030517578,
        50.88999938964844,
        53.290000915527344,
        60.790000915527344,
        55.86000061035156
    ],
    "proxy_F1": [
        71.97000122070312,
        64.16000366210938,
        68.62000274658203,
        66.5199966430664,
        82.1500015258789,
        73.93000030517578,
        82.91999816894531,
        66.3499984741211,
        60.45000076293945,
        49.75,
        53.779998779296875,
        57.68000030517578,
        65.83000183105469,
        56.04999923706055,
        58.06999969482422,
        61.529998779296875,
        76.0999984741211,
        67.41000366210938,
        76.81999969482422,
        60.099998474121094,
        57.63999938964844,
        48.709999084472656,
        49.20000076293945,
        52.470001220703125,
        65.9000015258789,
        56.130001068115234,
        58.20000076293945,
        58.54999923706055,
        71.87999725341797,
        64
    ],
    "proxy_F2": [
        68.7699966430664,
        65.22000122070312,
        67.33000183105469,
        66.81999969482422,
        70.94999694824219,
        72.16000366210938,
        76.05999755859375,
        60.83000183105469,
        60.209999084472656,
        54.540000915527344,
        55.459999084472656,
        55.45000076293945,
        62.529998779296875,
        57.65999984741211,
        58.560001373291016,
        59.060001373291016,
        62.88999938964844,
        63.20000076293945,
        63.529998779296875,
        51.189998626708984,
        50.189998626708984,
        45.029998779296875,
        42.869998931884766,
        44.59000015258789,
        52.5099983215332,
        47.5,
        49.7599983215332,
        54.36000061035156,
        59.47999954223633,
        58.5099983215332
    ],
    "proxy_F3": [
        56.720001220703125,
        54.15999984741211,
        55.2400016784668,
        50.70000076293945,
        52.380001068115234,
        56.040000915527344,
        57.77000045776367,
        49.38999938964844,
        47.380001068115234,
        43.540000915527344,
        43.41999816894531,
        47.20000076293945,
        51.93000030517578,
        49.56999969482422,
        47.4900016784668,
        44.33000183105469,
        46.5099983215332,
        49.310001373291016,
        55.0099983215332,
        46.56999969482422,
        45.0099983215332,
        42.2599983215332,
        42.810001373291016,
        47.27000045776367,
        51.459999084472656,
        47.22999954223633,
        45.72999954223633,
        48.439998626708984,
        54.16999816894531,
        49.66999816894531
    ],
    "proxy_OP": [
        null,
        null,
        null,
        null,
        null,
        null,
        null,
        null,
        null,
        null,
        null,
        null,
        null,
        null,
        null,
        null,
        null,
        null,
        null,
        null,
        null,
        null,
        null,
        null,
        null,
        null,
        null,
        null,
        null,
        null
    ],
    "proxy_PL": [
        72.5999984741211,
        65,
        69.5,
        68.23999786376953,
        81.58000183105469,
        72.37000274658203,
        82.38999938964844,
        67.1500015258789,
        62.189998626708984,
        49.529998779296875,
        53.380001068115234,
        58.0099983215332,
        66.19999694824219,
        55.970001220703125,
        59,
        63.029998779296875,
        75.51000213623047,
        66.12999725341797,
        76.52999877929688,
        60.970001220703125,
        59.040000915527344,
        49.0099983215332,
        48.93000030517578,
        52.459999084472656,
        66.36000061035156,
        56.209999084472656,
        59.209999084472656,
        59.84000015258789,
        72.38999938964844,
        63.29999923706055
    ],
    "ore_F1": [
        242,
        242,
        220,
        253,
        231,
        209,
        242,
        220,
        231,
        220,
        242,
        220,
        253,
        231,
        231,
        253,
        220,
        220,
        242,
        231,
        231,
        231,
        231,
        220,
        253,
        220,
        242,
        253,
        220,
        220
    ],
    "ore_F2": [
        174,
        174,
        180,
        179,
        169,
        159,
        174,
        164,
        185,
        164,
        174,
        180,
        179,
        185,
        169,
        179,
        180,
        164,
        174,
        169,
        185,
        169,
        185,
        164,
        179,
        180,
        174,
        179,
        164,
        164
    ],
    "ore_F3": [
        328,
        328,
        320,
        313,
        320,
        376,
        328,
        288,
        327,
        336,
        328,
        320,
        312,
        328,
        320,
        313,
        320,
        360,
        328,
        296,
        327,
        320,
        328,
        336,
        312,
        344,
        304,
        313,
        336,
        360
    ],
    "ore_OP": [
        480,
        468,
        480,
        469,
        456,
        492,
        468,
        432,
        491,
        456,
        468,
        480,
        468,
        480,
        468,
        469,
        468,
        480,
        468,
        444,
        491,
        456,
        480,
        468,
        468,
        492,
        456,
        469,
        480,
        468
    ],
    "ore_PL": [
        264,
        276,
        240,
        276,
        264,
        252,
        276,
        240,
        252,
        264,
        276,
        240,
        276,
        264,
        252,
        276,
        252,
        264,
        276,
        252,
        252,
        264,
        264,
        252,
        276,
        252,
        264,
        276,
        240,
        276
    ],
    "ore_TOT": [
        744,
        744,
        720,
        745,
        720,
        744,
        744,
        672,
        743,
        720,
        744,
        720,
        744,
        744,
        720,
        745,
        720,
        744,
        720,
        696,
        755,
        720,
        732,
        744,
        720,
        756,
        732,
        709,
        756,
        757
    ],
    "offerte": [
        {
            "id": 2,
            "kam": "ragnar lodbrokar",
            "tipoConsumi": "Mensili",
            "nomeOfferta": "prova Ragnar",
            "cliente": "ROSTICCERIA SANTA MARIA",
            "indirizzo": "via delle farfalle 18",